<?xml version="1.0" encoding="UTF-8"?>
<Configuration status="WARN">
    <Appenders>
        <Console name="Console" target="SYSTEM_OUT">
            <PatternLayout pattern="%msg%n"/>
        </Console>
    </Appenders>
    <Loggers>
        <!-- Turn off MongoDB logs -->
        <Logger name="org.mongodb" level="OFF"/>
        <Logger name="org.mongodb.driver" level="OFF"/>
        
        <!-- Turn off Spring logs -->
        <Logger name="org.springframework" level="OFF"/>
        
        <!-- Only show application logs -->
        <Logger name="com.crimemanagement" level="INFO"/>
        
        <!-- Root logger -->
        <Root level="OFF">
            <AppenderRef ref="Console"/>
        </Root>
    </Loggers>
</Configuration>